ARTICLE_2025WISPSP_000PKE1156TK8001,
ARTICLE_2025WISPSP_000PKE1156TK8002,
ARTICLE_2025WISPSP_000PKE1156TK8003,
ARTICLE_2025WISPSP_000PKE1156TK8004,
ARTICLE_2025WISPSP_000PKE1156TK8005,
ARTICLE_2025WISPSP_000PKE1156TK8006,
ARTICLE_2025WISPSP_AM0AM11461BDS001,
ARTICLE_2025WISPSP_AM0AM11461BDS002,
ARTICLE_2025WISPSP_AM0AM11461BDS003,
ARTICLE_2025WISPSP_AM0AM11461BDS004,
ARTICLE_2025WISPSP_AM0AM11461BDS005,
ARTICLE_2025WISPSP_AM0AM11461BDS006,
ARTICLE_2025WISPSP_AM0AM11461BDS007,
ARTICLE_2025WISPSP_AM0AM11461BDS008,
ARTICLE_2025WISPSP_AM0AM11461BDS009,
ARTICLE_2025WISPSP_AM0AM11461BDS010,
ARTICLE_2025WISPSP_AM0AM11461BDS011,
ARTICLE_2025WISPSP_AM0AM11461BDS012,
ARTICLE_2025WISPSP_AM0AM11461BDS013,
ARTICLE_2025WISPSP_AM0AM11461DW6001,
ARTICLE_2025WISPSP_AM0AM11461DW6002,
ARTICLE_2025WISPSP_AM0AM11461DW6003,
ARTICLE_2025WISPSP_AM0AM11461DW6004,
ARTICLE_2025WISPSP_AM0AM11461DW6005,
ARTICLE_2025WISPSP_AM0AM11461DW6006,
ARTICLE_2025WISPSP_AM0AM11461DW6007,
ARTICLE_2025WISPSP_AM0AM11461DW6008,
ARTICLE_2025WISPSP_AM0AM11461DW6009,
ARTICLE_2025WISPSP_AM0AM11461DW6010,
ARTICLE_2025WISPSP_AM0AM11461DW6011,
ARTICLE_2025WISPSP_AM0AM11461DW6012,
ARTICLE_2025WISPSP_AM0AM11461DW6013,
ARTICLE_2025WISPSP_AM0AM11461GB8001,
ARTICLE_2025WISPSP_AM0AM11461GB8002,
ARTICLE_2025WISPSP_AM0AM11461GB8003,
ARTICLE_2025WISPSP_AM0AM11461GB8004,
ARTICLE_2025WISPSP_AM0AM11461GB8005,
ARTICLE_2025WISPSP_AM0AM11461GB8006,
ARTICLE_2025WISPSP_AM0AM11461GB8007,
ARTICLE_2025WISPSP_AM0AM11461GB8008,
ARTICLE_2025WISPSP_AM0AM13354BDS003,
ARTICLE_2025WISPSP_AM0AM13354BDS004,
ARTICLE_2025WISPSP_AM0AM13354BDS005,
ARTICLE_2025WISPSP_AM0AM13354BDS006,
ARTICLE_2025WISPSP_AM0AM13354BDS007,
ARTICLE_2025WISPSP_AM0AM13354BDS008,
ARTICLE_2025WISPSP_AM0AM13354DW6001,
ARTICLE_2025WISPSP_AM0AM13354DW6002,
ARTICLE_2025WISPSP_AM0AM13354DW6003,
ARTICLE_2025WISPSP_AM0AM13354DW6004